Title,Descriptions,Category
Camelback ResortÊ Aquatopia Indoor WaterparkÊ Fall Adventure commercial.txt,fall is amazing in the pocono mountains. at camelback resort with 84 degrees of. awesome. inside aquatopia at america's number one. indoor water park ready for exhilarating. outdoor adventures. check out the east coast only lights out. zip lines and haunted monster coaster. at camelback an incredible staycation. everyone will love. and so close in the poconos just 10. minutes away. aquatopia is always included with your. stay at camelback resort. book your fall adventure today at. camelback resort dot com,Not Food
Eucrisa commercial.txt,tried you crystal for mild to moderate. eczema it can be used on almost. everybody click on the dimples of a diva. yeah yeah throw your boat uh-huh uh-huh. yeah or the shoulders of a chef look mom. i made jelly beans on toast. your crystal works at and below the skin. surface. it blocks pde pde4 enzymes which is. believed to reduce inflammation. the specific way eucrisa works is not. well defined prescription eucrisa is for. topical use only in ages three months. and up. do not use if you are allergic to. eucrisa chris a borrel ointment two. percent or its ingredients. allergic reactions including hives. itching swelling and redness may occur. at or near the application site the most. common side effect is application sight. pain such as burning or stinging. check out yokoso.com and ask your doctor. about steroid free eukarya,Not Food
Macy_s Fabulous Fall Sale commercial.txt,insurance exchanges are affiliate. this week at macy's get an extra 25 off. the season's latest styles with your. coupon or macy's card. that's on top of already great savings. like 20 to 50. off inc dkny club room and more of your. favorite designers for. him and her get 30 off one pair 40 off. two pairs of boots shoes and booties. and prep your kitchen with 20 to 50 off. roasting pans cookware and more. plus star rewards members earn rewards. faster during star money bonus days now. at macy's. savings off regular sale and clearance. prices exclusions apply,Not Food
Jeep Grand Cherokee What Makes Jeep commercial.txt,if you think we're just four wheels and. a grill think again the jeep grand. cherokee. redefines freedom but what really makes. jeep it's finding the perfect balance. between luxury. and adventure without ever compromising. strapping across the country to see your. family to make new memories. so what makes cheap. you do cheap there's only one. cheap it's a registered trademark of. that's a us llc,Not Food
Z100 New Music Discoveries commercial.txt,streaming this friday on disney plus. [Music]. wonder. [Music]. levitating. [Music],Not Food
Shady Grove Fertility New York commercial.txt,what's behind a name well at shady girl. fertility. not only are we home to 85 000 babies. born and counting we're also. proud to have earned more than five. thousand five star patient reviews. if you've been trying to conceive for. more than six months it may be time to. see a fertility specialist. getting started is easy and convenient. with video consults let shady grow. fertility put their proven track record. to work for you. schedule today at. shadygrovefertility.com,Not Food
Farmers Insurance Speed Things Up commercial.txt,that's a us llc. you get a whole lot of something with. farmer's policy perks so much i'm gonna. have to speed things up. you can get the claim free discount. which gives you money off your. homeowner's policy if you've been. claim-free for three consecutive years. also lies for three successive years. three years straight and was known to. insurance fans as to claim free repeat. get a whole lot of something with. farmer's policy perks start with a quote. by calling 1-800 farmers. we are farmers. now for the legal something not. available in every state only available. to select farmers branded policies. subject to terms and conditions. underrated by farmers trucker fire. insurance exchanges are affiliate,Not Food
Geico Happy Geicoween Haunted House commercial.txt,i'm pretty sure our new house might be. haunted what makes you say that. the furniture is levitating oh and the. ghost welcome home. yeah that's that's spooky you know. what's really scary. missing out on geico for help with. homeowners and renters insurance. geico makes it easy to save a bunch. great. uh you're not sticking around right the. party's just getting started. [Music]. happy guy going call today and see how. easy homeowners and renters insurance,Not Food
Home Depot Pro Extra commercial.txt,pro extra is the home depot's free. loyalty program built for pros. members earn perks just for shopping. like new pro extra dollars or tool. rental perks. get exclusive benefits every day that. save time and money. and here's an extra extra twenty dollars. off your next in-store purchase of two. hundred dollars or more. just for signing up want to save join. pro extra. only at the home depot how doers get. more done. visit the prodesk in store at pro. homedepot.comproex. for details what's one great way to get,Not Food
Clouds on Disney+ commercial.txt,based on the incredible true story of 17. year old zack. zobiak follow his journey as he. navigates the complexities of. love friendship family and leaving. behind a musical legacy. clouds rated pg-13 may be inappropriate. for children under 13 original movie. streaming this friday on disney plus,Not Food
Splat Hair Color Halloween commercial.txt,can be hey there it's wendy i cannot. believe that halloween is almost here. get splat hair color for bewitching. halloween hair. they offer 50 semi-permanent and. temporary shades that will transform. your hair color in minutes for a lot of. halloween fun. and best of all splat formulas are vegan. and cruelty free. splat is just the trick you need to. treat your hair. to statement making color this halloween. treat yourself to splat at walmart. cvs rite aid and splat haircolor.com,Not Food
New Jersey Cornell University commercial.txt,shadygrovefertility.com. interested in attending a college closer. to home north jersey's caldwell. university offers a liberal transfer. credit policy. merit-based scholarships and affordable. tuition. discover their 31 nationally recognized. undergraduate majors. including communication and media. nursing education and business. with new programs in esport management. and computer science. join their october 17th virtual open. house visit caldwell.edu. today,Not Food
O_Reilly Auto Parts Recommendations commercial.txt,count on the professional parts people. at o'reilly auto parts to recommend the. best products for your car. get maximum cooling system performance. for 10 years. or 300 000 miles with peak long life. universal pre-mixed antifreeze and. coolant. on sale now for just 5.11 after mail-in. rebate. stop by o'reilly auto parts today. [Music],Not Food
Resorts World Casino Catskills We_re Open commercial.txt,resorts world catskills is now open with. your closest live table games. like blackjack vaccarot and three card. poker our sportsbook is back for playoff. action. and your favorite slots too extra. efforts ensure your gaming experience. will be safe and exciting. visit rwcatskills.com to learn more only. 10 minutes from new york city and so. close from everywhere else. resorts world catskills we're open come. play gambling problem call 877-8 hope ny. or tex-hope ny must be 21 or older to. gamble. the opening of inspire will bring a new. level of luxury to senior living in. manhattan. looking for a new career inspire is. seeking candidates for home health aids. housekeeping culinary and nursing. for more information go to inspir. seniorliving.com. when you talk to a dell technologies. advisor you get someone who understands. there's an art to listening. and can provide small business solutions. that make you feel truly heard. for solutions powered by intel v pro. platform call an advisor today at 877. ask dell. it's your apartment speaking and i need. some favors. when you're singing in the shower just. try going up a key. you're trying to be an alto when really. you're a soprano. oh and if you could bundle your renters. and car insurance with geico. it's easy to do online and we could save. money and then. when you read your murder mysteries at. night could you read out loud. but skip the murder parts because i. get scared geico for bundling made easy. go to geico.com today. this is the sound of regular water. droplets. this is the sound of vitamin water. droplets. [Music]. regular water vitamin water. regular water vitamin water. come on now vitamin water it has. vitamins. but also parties copyright 2020.. jay farner here ceo of rocket mortgage. making the right financial decisions has. never been more important. when you turn to rocket mortgage we can. help guide you to those right decisions. now when they matter most. mortgage rates are near historic lows so. now is a great time to call 8338 rocket. and if you need some extra money a cash. out refinance could give you that. financial boost you're looking for. call today at 8338 rocket or go to. rocketmortgage.com to learn more call. for cost information and conditions. equal housing lender license in all 50. states and mls number 30 30.. [Music]. z100 if you're on a dating app you're 85. percent more likely to get him a. massage a message if your bio says. that you're one of these and maybe. you'll get a massage too. or maybe just a massage maybe coming up. [Music]. i was distracted ain't in traffic. i didn't feel,Not Food
Arron_s Double A TeamÊ Mr.txt,find a place. our new place how are we gonna afford. furnishings with the double 18 mr t at. aries you can write your own furniture. appliances and electronics rent to own. that's perfect and our low price. guarantee means we'll beat our. competitors total cost of lease. ownership on the same item oh you get a. hundred bucks we just pay a little at a. time until the towers errands to the. rescue i love it when a plan comes. together participating location is only. approval not guaranteed restriction. supply c store for detail the power of. errands low price guarantee,Not Food
Apartments dot com AlertsÊ Jeff Goldblum commercial.txt,everybody has a jillion things going on. these days so at apartments.com we help. you stay on top of your apartment search. with powerful tools like saved searches. and instant alerts alert you just enter. what you want alert like location price. and amenities. and apartments.com will alert you as. soon as those places become available. alert here's your perfect place thanks. me and you can customize your alerts. somehow i think i set mine to mr snarky. you do hear me maybe i can change mine. to british apartments.com the place to. find a place,Not Food
Grove Collaborative What We Do Now MattersÊ Drew Barrymore commercial.txt,hi it's me drew barrymore are you. sitting down i hope so because this is. gonna blow your mind did you know that. only nine percent of plastic gets. recycled no matter how much you put in. your bin nine percent insanity right but. don't freak out grove collaborative is. moving beyond plastic with their own. line of natural sustainable home. cleaning products called grovco and they. really work i'm talking surface cleaners. dish soap laundry detergent refillable. glass dispensers and spray bottles you. name it grove delivers right to your. door and the best part no plastic waste. no harsh chemicals and no compromises. and by 2025 grove will be 100. plastic free grove keeps my conscience. clean and my house spotless so visit. grove.com today for a free starter kit. and free shipping that's grove.com. because what we do now. matters. [Music],Not Food
Capital One Ryan Seacrest commercial.txt,with no fees or minimums and no. overdraft fees banking with capital one. is the easiest decision in the history. of decisions that's banking reimagined. what's in your wallet terms apply see. capitalone.com bank for details capital. one n a member fdic,Not Food
Cosentyx Cindy Lauper commercial.txt,hi i'm cindy lauper for years i felt. awful because of my psoriasis but i. didn't give up my doctor and i chose. cocentix cocentix secukinumab is. indicated for adults with moderate to. severe plaque psoriasis and is given as. a 300 milligram dose don't use if you're. allergic to cocentix before starting get. checked for tuberculosis an increased. risk of infections some serious and the. lower ability to fight them may occur. tell your doctor about an infection or. symptoms like fevers sweats chills. muscle aches or cough or if you've had a. vaccine or plan to tell your doctor if. your crohn's disease symptoms develop or. worsen serious allergic reactions may. occur see our ad in country living. magazine learn more at gocentics.com or. by calling 1-844 cocentix. cosantix works for me ask your. dermatologist about cocentix,Not Food
New York Presbyterian commercial.txt,at new york presbyterian our cancer care. experts take a holistic approach in. treating not just the cancer but its. effects on the whole body come get a. first or second opinion from the. hospital with some of the nation's top. doctors stay amazing new york. presbyterian,Not Food
Z100 Memorial Day Weekend bumper.txt,memorial day weekend discover your songs. of the summer on z100. jack harlow first class. [Music]. harry styles as it was. [Music]. [Music],Not Food
Macy_s Memorial Day Sale commercial.txt,macy's memorial day sale has everything. you need to dive into summer the right. way with specials like 30 to 40 off. sandals slides and more and 25 to 40 off. tops and shorts from ink tommy hilfiger. and more plus refresh your space with 50. off hotel bedding and macy's star. rewards members can earn rewards even. faster during star money bonus days see. macy's dot com slash star rewards. savings off regular sale and clearance. prices exclusion supplies,Not Food
Elvis Duran and the Z100 Morning Show commercial.txt,[Applause]. [Music]. i had a little too much to drink and uh. uh i got it a little crazy i got a. hundred brillo pads and a harmonica. that sounds like a party what do you. need 100 beds for. i don't know but the deal was just there. duran is back in the show. [Applause]. with elvis duran and the z100 morning. show tomorrow just tell your smart. device to wake you up to z 100 on i. heart radio,Not Food
Jingle Ball commercial.txt,retailer near you. it's time to get your jingle on of. course i'm talking about i heart radio. jingle ball presented by capital one the. best holiday show ever the lineup hasn't. been announced yet but ho ho holy moly. it's gonna be good and get this capital. one card holders get access to tickets. before anyone else the cardholder. pre-sale starts tuesday october 5th for. 48 hours only or while supplies last. tickets go fast so check out. iheartradio.com. capitalone for more info and to get. ready for jingle ball,Not Food
The Disney Bundle The Streamer commercial.txt,howdy the streamer here you know there's. a place down yonder where three streams. converge into one it's where i saw the. mandalorian get himself into a space. squabble watch me some ufc. those folks from modern family had me. cackling like a trout getting tickled. that's a disney bundle for you it lets. you stream disney plus hulu and espn. plus for only 13.11 a month the disney. bundle it's streaming at its best. includes hulu at supported plan access. content from eat service separately. terms apply visit thedisneybundle.com,Not Food
I Hear Radio App commercial.txt,of your. [Music]. celebrations and i heart radio station. hey it's garrett from elvis duran and. the c100 morning show the days of having. your favorite radio station cut out are. officially gone thanks to the free. iheart app that's exactly why we made it. now wherever the destination is you can. bring z100 with you including thousands. of playlists to fit any mood or occasion. and the biggest names in the podcast. universe like the elvis duran show on. demand or my own podcast celebrity buzz. download the free i heart app today. number one for music radio and podcast. all in one act here we go. [Music]. building. after two o'clock in the city of shelly. brawl the weekend coming up also new. edge sharon after the most requested. song of the hour plays now. [Music],Not Food
Turtle Wax DJ Envy commercial.txt,what up y'all it's dj envy and i'm. teaming up with turtle wax this summer. to make sure your rods are clean shiny. protected and even disinfected because. whether you're hitting the streets or. heading out on the highway to the beach. turtle wax will make sure your vehicle. is looking smelling and feeling amazing. turtle wax is the only brand that i. trust with my fleet of supercars and. y'all know how many cars i keep in my. garage right check out turtlewax.com to. learn more and be sure to buy now at. turtlewax.com or anywhere you shop for. car care,Not Food
Celebrity Wheel of FortuneÊ Supermarket Sweep commercial.txt,for details. abc tonight it's all about big cash here. we go and big crash. on the new season of celebrity wheel of. fortune one star will spin it. to. then host leslie jones is off to the. races on supermarket suite on your cart. and we're gonna need a clean up on every. eye on fire it all starts tonight 87. central on abc and stream on hulu,Not Food
Chevrolet Equinox Tri-State Chevy Dealers commercial.txt,juice to kick-start each morning for. five days just use the code carolina to. get five green juices for just ten. dollars at. tryprest.com or a pressed juicery near. you this is a sponsorship with prest hey. it's danielle yeah it's time to head. back to school but your local tri-state. chevy dealers are proud to support. educators and they wish you a happy and. healthy school year ahead my chevy. equinox gets straight a's because it's. got active safety features infotainment. technology and it's so fun to drive so. you're gonna understand why i love. driving my chevy equinox and now is a. great time to check out my tri-state. chevy friends they have some really. great offers going on now through the. end of the month and you can find your. local tri-state chevy dealer at chevy. offers.com and fall in love with the. chevy like i did. [Music]. baz lernen's revolutionary film comes to. life when moulin rouge the musical. returns to broadway september 24th. nominated for 14 tony awards including. best musical the new york times calls it. euphoric gasp inspiring in moulin rouge. life is beautiful the musical. spectacular returns september 24th on. broadway go to moulin rouge musical.com. for tickets and details about our new. ticketing health and safety policies,Not Food
TikTok Mini Mix commercial.txt,hey this is tonya and ej music quiz what. do. roddy rich's the box and say so by. dojicat have in common. well they both started on tick tock the. place to discover new music and artists. that's why you got to be here weeknights. for the tick tock mini mix it's a weekly. mix of must-have music from pop to. hip-hop to that track just bubbling up. don't miss the tick tock mini mix right. here weeknights,Not Food
Reach NJ commercial.txt,addiction affects so many families and. individuals in new jersey. perhaps it's a struggle for you or. someone you know take it from me. there's now real help and real hope i'm. talking about medications that can help. support. a program of sustained recovery. medications that have been proven to. help people throughout our state and. across the country. and that can work with your treatment. program learn more at 1. 844 reach nj or visit reachnj.gov. a message from the new jersey department. of human services,Not Food
"Debt Relief commercial (I don_t usually put my opinions here, but they don_t even say the name of the company, seems very shady).txt",attention this is a very important. message to anyone with debt exceeding. ten thousand dollars. with the worldwide stock markets free. falling coronavirus being labeled a. global pandemic cities and whole. countries in quarantine and layoffs. picking up speed. the last thing you need to worry about. is your credit card bills due to the. recent global events a special debt. relief helpline has been created for. anyone with over ten thousand dollars in. debt but you must call us at eight. hundred. two one one nine eight three two as. banks shore up capital bracing for a. recession they are willing to settle. your debt for a fraction of what you. owe making it a perfect time to. eliminate your debt and save your money. during these tough economic times. there are no upfront fees and we offer a. 100 percent money back guarantee. but you must call us at. this opportunity 800-211-1832 last long. so call us today at 800-211-1832. you have enough to worry about settle. your debt and remove that unneeded. stress. 800-211-1832 that's,Not Food
JC Penny Friends And Family Sale commercial.txt,employer. everyone gets a family welcome at the. jcpenney friends and family sale. save up to 50 across the store shop for. him her. juniors home and more because there's. something for everyone. plus we're giving you one of our best. coupons for even more savings. an extra 30 off in store or online at. jcp.com. on the go pick up your order curbside. we're sharing the love. so come in this thursday to sunday. jcpenney offer ballot 820 to 823. conditions and exclusions apply see. store or jcp.com for details,Not Food
PC Richard In-Store Shopping Is Back commercial.txt,merrickdodgechryslerjeep.com. the doors are open in-store shopping is. back. at pc richard and son,Not Food
Amazon Job Opportunity commercial.txt,amazon is hiring near you earn a. competitive wage and start as soon as. seven days. no resume or experience required health. and safety are a top priority with all. of amazon's roles and sites. amazon is taking precautions in their. buildings to keep people healthy. go to amazon.com apply that's amazon.com. apply amazon is an equal opportunity. employer,Not Food
Value City Summer Sell Off Sale commercial.txt,the 800-211-1832 sell-off sale is on. here at value city nj and all. living rooms dining rooms and bedrooms. are 50 off and more. plus up to 70 percent off all close outs. over stocks cancelled orders and floor. samples get up to 60 months no interest. and free full service delivery and get. the guaranteed lowest prices on. america's top mattress brands see lee. stearns and foster i comfort simmons. beautyrest black ashley and temperpedic. don't miss the summer sell-off sale. visit us at valuecitynj.com,Not Food
Merrick Dodge Chrysler Jeep Ram of Wantagh Summer Clearance Event commercial.txt,remember when getting away was as simple. as packing up the family and hitting the. road. at merrick dodge chrysler jeep ram of. wantagh it's their summer clearance. event. they will work to meet your needs and. your budget on all new 2020 vehicles. see the difference at. merrickdodgechryslerjeep.com,Not Food
Z100 Bumper.txt,[Music]. and i heart radio station. here we go. [Music]. buildings,Not Food
Dawn Dish Spray Powerwash Spray Wash and Rinse commercial.txt,[Music]. taking a nap. clean those bottles and stuff just spray. wipe. is. [Music],Not Food
Byte Ryan Seacrest Z100 sponsor commercial.txt,american top 40. powered by. bite hey it's ryan seacrest this year. put your tax rebate towards something. you'll love a straighter smile from bite. that's b-y-t-e bite invisible teeth. aligners cost thousands less than. traditional braces and it's doctor. directed order your home impression kit. for just 14.15 at byte.com all right. back to the hits. these are the hottest songs in america. on americans hob 40. we are inside your. top 10.. and daniel radcliff's got a new movie up. but instead of casting spells and. fighting dragons he's headed to the. jungle in the lost city we'll catch up. with him after seven. lotto big energy,Not Food
The Grammys Ryan Seacrest Z100 sponsor commercial.txt,tonight on cbs it's music's biggest. night the grammys are live from las. vegas don't miss the biggest names in. music all on one stage check out this. amazing lineup of performers billy. eilish bts little naz x featuring jack. harlow olivia rodrigo her nas and many. many more the brightest lights the. biggest stage a night of unforgettable. performances from music's most iconic. artists the grammys hosted by trevor. noah live from las vegas tonight at. eight eastern five pacific on cbs and. streaming on paramount plus,Not Food
Geico Finding The Right Person For The Job The Karate Teacher commercial.txt,finding the right person for the job. isn't easy just ask someone who hired a. karate teacher to trim their hedges hey. man these shrubs are not made of plywood. don't worry another few chops should do. it. nope. dang but if you've got an insurance. question you can always count on your. local geico agent they can bundle your. policies which could save you hundreds. oh this treehouse looks like. particleboard. there we go starting to doubt myself for. expert help with all your insurance. needs visit geico.com local today,Not Food
Aladdin on Broadway commercial.txt,genie here from the hit broadway musical. aladdin it is time to get out there the. magic on there's nothing like hearing a. live orchestra and the huge ovations and. feeling the electricity that only takes. place in a theater come on who wouldn't. want to see a show filled with. incredible songs sensational dancing and. a full-on magic carpet so come see us. best availability weeknights get your. tickets at aladdin themusical.com,Not Food
Charmin Pride Month commercial.txt,it's pride month baby and charmin wants. to send all you bears and non-bears out. there. a big bear hug however you plan to. celebrate charmin will be doing its part. to keep pride rolling with bathrooms for. everyone we're on a mission to provide. better bathroom experiences and that. makes charmin very happy. we all go so why not enjoy the go with. charvin proud to support i heart radio's. can't cancel pride and the entire lgbtq. plus community,Not Food
Macy_s 4th of July Sale commercial.txt,[Music]. at jcpenney's fourth of july sale it's. all stars stripes and savings enjoy up. to 50 off select furniture mattresses. and window coverings plus shop thousands. of door busters across the store or use. your coupon for additional savings take. advantage of extended store hours friday. and saturday it's time to refresh your. star spangled manor shopping is back jc. penney offers n74 exclusion supply. doorbusters excluded from coupon. cjcp.com for details,Not Food
Top Gun Maverick 4th of July commercial.txt,priceless this fourth of july don't miss. the movie of the summer. are you ready damn right. top gun maverick is one of the greatest. movies ever made see it on the biggest. screen possible you got yourself a deal. tom cruise top gun maverick radio pg-13. on 1035 ktu from the try acura studios. visit your local try acura dealer. [Music],Not Food
MetaverseÊ Mastercard Pride Month commercial.txt,this pride month let your true colors. shine in the metaverse jump into. mastercard's pride plaza in decentraland. and join in on the fun no matter where. you are in the world. celebrate who you are by taking a ride. on our virtual pride parade float attend. exclusive talks unlock nft wearables and. more designed by and for the lgbtqia. plus community. visit priceless.com pride and be you be. proud because being your true self is. priceless this fourth of july don't miss,Not Food
Shady Grow Fertility commercial.txt,of discovery. what's behind a name well at shady grove. fertility. not only are we home to 85 000 babies. born and counting. we're also proud to have earned more. than 5 000. five star patient reviews if you've been. trying to conceive for more than six. months. it may be time to see a fertility. specialist getting started is easy and. convenient with video. consults let shady grow fertility put. their proven track record to work for. you. schedule today at. shadygrovefertility.com,Not Food
Chevrolet Equinox Danielle Monaro commercial.txt,bottles. hey it's danielle unlock a summer of. possibilities with new adventures and. hit the open road in a new chevy the. equinox has. everything you need to break free and. explore the open road it's the. capability for a fun drive. standard safety features and the. technology so you can stay in touch. while enjoying your chance to get away. and now's a great time to check out my. tri-state chevy friends they have some. really great offers going on now through. the end of the month find your local. tri-state chevy dealer at chevy. offers.com and fall in love with the. chevy like i did,Not Food
Camelback Resort Say Goodbye To Your Old VacationÊ Danielle Monaro commercial.txt,summer is not just reserved for the. weekends it's time to say goodbye to. your old vacation and say hello to. camelback resort in the pocono mountains. plan a midweek getaway and save up to 25. when you book early. to water parks indoor and outdoor with. over 50 rides slides and attractions. newly renovated suites and you can take. the fun off-road with the new switchback. utv tours. private campfire experiences and more. book your camelbak vacation today at. camelbackresort.com. aquatopia always included with your stay. restrictions apply,Not Food
Progressive Name Your Price Tool commercial.txt,the thing about the name your price tool. from progressive is that by now you've. heard. a lot of ads about the name your price. tool from progressive we probably don't. even need the words the name your price. tool to tell you that our humpback whale. pup gives you options based on your. budget or that our novelty hand buzzer. helps you save on car insurance. and that's the thing about the tiny felt. bag filled with marbles at this point. you've heard a lot of ads about the. elusive northern bobcat the name your. price to. the neighbor who baked your banana bread. only from progressive progressive. casualty insurance company and. affiliates price and coverage limited by. state law. the jcpenney mystery sale is bad how,Not Food
GE Cync Experience Life In Cync commercial.txt,of happiness in the 80s vcrs and. cordless phones the size of a cat were. pretty rad. back then controlling your house with. finger swipes or voice commands would. have been magical. now it's just practical with new ge. brand. sync smart home products using the sync. app it's easy to automate and adjust. your home lighting. looking on your kids and pets with home. security cameras and more. new sync smart home products they're. awesome. totally awesome experience life in sync,Not Food
NYC Department of Health New Yorkers Share Why They Got a Covid-19 Vaccine PSA.txt,new yorkers share why they got a copic. 11 vaccine. i want to protect my family so they. don't get infected and also i want to go. most likely. outside i had asthma since i was born. and if. i didn't get the vaccine i have a. feeling i would get more sick than other. people who. don't have asthma to protect myself and. my family. and just so that we could create a new. definition of normal with the vaccines. we call be safe and protected. visit nyc.gov vaccine finder or call 877. backs for nycc. new york city. building i heart radio. this is the weekend and here's my new. single on z100 the weekend. take my breath,Not Food
JC Penny Mystery Sale commercial.txt,much will you save. shop thursday through sunday and you. could get an extra 30 40 or even 50. off with in-store coupon giveaway save. on brands like arizona and exertion. plus discover our new kids brand. thereabouts styles designed with every. kid in mind. plus shop extended store hours smart. shopping and surprise savings. jcpenney offer valid eight five to eight. eight giveaway in stores only while. supplies last must be 18 or older some. exclusions apply. see store or dcp.com for details,Not Food
Suicide Squad Ryan Seacrest commercial.txt,the suicide squad from the director of. guardians of the galaxy. james gunn comes the most epic and. unforgettable squad yet. and their task oh just to save the world. with a rotten tomato score. basically on a percent you don't know. squad now playing in theaters and on hbo. max rated r,Not Food
Bank of America Community Home Owner Commitment commercial.txt,when you build you start with the. foundation and home ownership. is a foundation of a stable future the. bank of america community homeownership. commitment can help lay the groundwork. with ten thousand dollars towards your. down payment or three percent of the. purchase price. whichever is less the satisfaction of. finally owning your own place can become. a reality. tap the banner to learn more bank of. america. what would you like the power to do bank. of america na equal housing lender. credit and collateral subject to. approval restrictions apply this is not. a commitment to lend,Not Food
Z100 Celebrates Black-Owned Businesses commercial.txt,what's up it's maxwell and yes z100 is. celebrating black owned businesses so. check out our building black biz page. right now at z100.com. that's where you're going to find black. owned businesses to support in your area. just like jersey street convenience a 24. 7 convenience store located at 427. jersey street in staten island new york. rock and ramen that's the japanese and. caribbean infusion restaurant known for. their ramen bowls and if you're in new. rochelle stop by. try their curried oxtail ramen or jerk. chicken ramen bowls. chef's kiss they're at 11 anderson. street in new rochelle. come on if you got a black owned. business that you think should be. highlighting send it to us now. at z100.com,Not Food
MSC Cruises It_s Time Again commercial.txt,when i met you in the summer it's time. to live. laugh and create memories again with msc. cruises. join us on some of the world's most. modern and innovative ships. discover again at our new private island. ocean key msc marine reserve. named best new cruise destination cruise. the caribbean and bahamas from miami or. port canaveral from 151 dollars per. person. book now with free balcony upgrades and. flexible booking changes call your. travel advisor or visit mscruises.com. restriction supply msc cruises a world. of discovery,Not Food
American Top 40 with Ryan Seacrest bumper.txt,you're on air with ryan seacrest on. at40.to the stars. and the biggest hits in the usa this. is at40 these are the top five songs of. the week. and like a lot of artists five seconds. of summer have found themselves with. some down time before their rescheduled. tour kicks off next march. we'll tell you which of the guys are. branching out solo. after number five blinding likes the. weekend,Not Food
Jeep Grand Cherokee What Makes Jeep commercial.txt,visit open road if you think we're just. four wheels and a grill. think again the jeep grand cherokee. redefines freedom. but what really makes jeep it's finding. the perfect balance between luxury. and adventure without ever compromising. it's driving across the country to see. your family to make new memories. so what makes cheap. you do cheap there's only one. jeep is a registered trademark of fca us. llc,Not Food
Vitamin Water This Is The Sound commercial.txt,[Music]. this is the sound of regular water. droplets. this is the sound of vitamin water. droplets. regular water vitamin water. [Music]. regular water vitamin water. hey come on now vitamin water it has. vitamins. but also parties copyright twenty twenty. classo,Not Food
Farmers Insurance Farmers Policy Perks commercial.txt,a bullseye view you get a whole lot of. something with farmers policy perks. so much i'm gonna have to speed things. up you can get the claim free discount. which gives you money off your. homeowner's policy if you've been. claim-free for three consecutive years. also lies for three successive years. three years straight and what's known to. insurance fans is to claim free three. beat. get a whole lot of something with. farmers policy perks start with a quote. by calling 1 800 farmers. we are farmers. now for the legal something not. available in every state only available. to suck farmers branded policy subject. to terms and conditions underwritten by. farmers trucker fire insurance exchanges,Not Food
Target Your Family and Our Team Members Safety commercial.txt,llc. at target our first priority is the. health of you your families and our team. members. that's why we now require guests to wear. a mask or face covering. and continue to provide masks and gloves. to protect our team members. every day we deep clean our stores and. wipe down carts and baskets after every. use. and you can always count on easy. contactless shopping options. like drive up and same day delivery we. believe in always taking care. and will always do that for you learn. more at target.com. a bullseye view you get a whole lot of,Not Food
Culligan Softer Equals Better commercial.txt,today on hey culligan softer equals. better here's a tweet from ed itchy in. idaho hey culligan my laundry is so. scratchy i just cut myself on a cable. knit sweater any suggestions. hashtag send help hey attitude in idaho. yes. the culligan high efficiency water. softener will make that thing so soft. it'll go from. cable knit to cable not itchy. soft laundry hashtag already on the way. get started for as little as ten dollars. a month for six months of participating. culligan dealers. visit open road if you think we're just,Not Food
Verizon 5G commercial.txt,verizon engineer. and today we're turning on 5g across the. country. including right here in new york city. with the coverage of 5g nationwide. and in more and more cities the. unprecedented performance. of ultra wideband it will change your. phone and how businesses do. everything i'm proud because we didn't. build it the easy way. we built it right this is the 5g. america's been waiting for. only from verizon 5g ultra wideband. available only in parts of select cities. 5g nationwide available in 1800 plus. cities,Not Food
Babbel commercial.txt,have you ever wanted to learn a new. language like french spanish or russian. but thought it would be too difficult. and time-consuming then go to babble.com. and try it for free. babel works because it's built around. real life it teaches you everyday. practical conversations that you will. actually use in 15 minutes a day you'll. be on your way to speaking a new. language. in just a few weeks babel uses a modern. conversation-based technique that makes. language engaging. fun and memorable it starts by teaching. you words and phrases. then sentences gradually get more. complex soon. you're practicing short conversations. about real life topics. battle is created by language experts. who use the space repetition method. to help you learn quickly and remember. what you learned. with babel you can speak a new language. babble. language for life celebrating 10 million. subscriptions sold. now try babel for free at babel.com just. go to babble.com and start learning a. new language today. that's babble.com b-a-b-b-e-l.com,Not Food
Blank Slate Ryan Seacrest commercial.txt,have you heard about blank slate yet. it's the best board game in fact blank. slate has quickly become the new. favorite with. everybody around here it's very simple. unlike other games no one gets. embarrassed blank slate is. all about having fun right that's what. we want it's perfect for when you get. the fam together. or play with friends online because it's. a game that everyone can get into. and if you need proof just check out any. of the hundreds of five star reviews. it's basically selling out so get blank. slate now at target. barnes and noble or wherever you buy. gamescities. 40. powered by blank slate have you ever. just talking about blank slate yet. it's the favorite board game around here. it's simple and fun everybody loves it. for proof check out hundreds of. five-star reviews. go and get blank slate now at target. barnes noble or wherever you buy board. games. alright back to the hits direct access,Not Food
Z100 Maxwell _ Crystal Live Podcast commercial.txt,york's number one hit music station hey. what's up it's maxwell how you doing i'm. crystal join us through july and august. for our live podcast at the westfield. garden state plaza's summer stage. powered by z100 find out more at. westfield.com that's westfield.com,Not Food
Jeep Peppy Cadillac commercial.txt,runs on duncan. take advantage of special offers this. month on select 2022 retired courtesy. vehicles at pepe cadillac there's a wide. range of incentives available for. military first responders current. cadillac owners and current owners of. other vehicles along with many corporate. incentives explore the latest models and. unlock your offers online at. peppycadillac.com visit their store and. see why pepe cadillac was once again. awarded the prestigious dealer of the. year award from cadillac happy cadillac. a proud member of the pepe auto group. the name you've trusted since 1168. meet,Not Food
The Home Depot 4th of July commercial.txt,make your fourth of july celebration. even bigger this year with savings on. everything you need to get your yard. ready for summer make sure your flower. beds and bushes can handle the heat with. special savings on vigorous mulch now at. a new lower price of 218 a bag keep the. sun off your soil and water in the. ground plus add a fun pop of color that. will last up to 12 months so hurry in. and get your yard ready for celebrating. in the sun feels like 4th of july at the. home depot how doers get more done. available in store and online color. selection varies by store,Not Food
Thor Love And Thunder commercial.txt,on july 8th there's a maniac who seeks. to end us all from marvel studios i'm. putting together the greatest team ever. paul he's my best friend valkyrie we get. to fight again. the guardians look who it. is jane the old ex-girlfriend judy. foster jane foster it's the summer of. love and thunder you are not lying and. the guns have killed. thor loving thunder pg-13 may be. inappropriate for children under 13.. tickets on sale now meat boost the,Not Food
Z100 Phrase That Pays commercial.txt,prices may be going up this summer but. your bills. are going down. when a thousand bucks every hour nine to. five weekdays. [Music]. thank you thank you oh my gosh i've been. playing forever every hour nine to five. weekdays on c100 just listen for the. keywords to enter at z100.com for your. share of over a quarter mil to pay your. bills. you got it we're gonna fill up your tank. and thank you for listening to z100 new. york's number one hit music station hey,Not Food
Voost I Like To Voost It Voost It commercial.txt,tickets on sale now meat boost the. fizzing amazing vitamin boost that make. you feel like i like the boosted booster. my vitamins can't boost it i like the. boosted boost. in this the fizzing amazing vitamin. boostboost the fizzing amazing vitamin boost. that make you feel like i like the. boosted booster my vitamins can't. [Music],Not Food
Macy_s Summer 20_ Off commercial.txt,selection varies by store. this week at macy's it's officially. summer and your calendar is filling up. fast so use your coupon or macy's card. and get an extra 20 off looks for any. occasion like designer suits blazers and. pants for him and 20 off bags and. wallets perfect for the pool or the. party plus get 40 off almost all sandals. during our great sandal sale and macy's. star rewards members earn on every. purchase except gift cards services and. fees savings off sale and clearance. prices exclusions apply,Not Food
TJ MaxÊ Marshall_sÊ HomeGoods Sierra Carol For A Cause commercial.txt,[Music]. spread a little holiday cheer this. season and carol for a cause with tj. maxx marshall's home goods and sierra. every time someone records a carol on. instagram reels with the hashtag carol. for a cause. tj maxx marshalls homegoods and sierra. will donate ten dollars to. feeding america up to one million. dollars so break out those reindeer. antlers and do something good with. hashtag carol for a cause for more. information. visit letscarelforacause.com. new home ownership can be a real eye,Not Food
iHeartRadio Z100 Jingle Ball The Ice Cream Shop Party Pack Contest commercial.txt,this. i heart radio's jingle ball is back and. we've partnered with the ice cream shop. to bring your favorite frozen treats. right to your door. go to iheart.com forward slash the ice. cream shop. and enter to win a jingle ball party. pack complete with ice cream from brands. like ben. jerry's breyers talente and more it's. the ultimate gift for our coziest. celebration ever. tune in to i heart radio jingle ball on. december 10th and find the ice cream. shop. on your favorite delivery app,Not Food
NYC.txt,hey new york did you know that there are. hundreds of covet 11 testing sites in. the city. testing is safe and confidential and at. no cost to you. get tested often even without symptoms. find a site near you at nyc.gov. kovatesk or call one two one two covet,Not Food
iHeartRadio Z100 Jingle Ball 2020 commercial.txt,the hottest superstars in music come. together for an epic. celebration the one hybrid jingle ball. presented by capital one and this year. we're bringing the best holiday show on. earth to your. living room join us for an incredible. [Music]. night. [Music]. you've been waiting for are almost here. c100 jingle ball 2020 presented by. capital one. hosted by ryan seacrest and elvis durant. thursday december 10th at nine pm watch. on the cw app ncwtv.com and hear it live. on c100 brought to you by official. broadcast partner poland spring the. children's hospital at montefiore and. your local honda dealers,Not Food
Home Depot Home Owner 101 commercial.txt,new home ownership can be a real eye. opener but it's the perfect time to look. into homeowner 101 from the home depot. free live streaming workshops taught by. expert associates. now at homedepot.com workshops you'll. find indoor and outdoor workshops. even home systems workshops plus you'll. get the know-how you need to care for. your biggest investment. master the basics at homeowner 101 only. at the home depot. how doers get more done register now at. homedepot.com. workshops available everywhere with the,Not Food
United States Postal Service Holiday Mail commercial.txt,whatever you send through the u.s postal. service this season. is so much more than mail or packages. in every carrier's hands is a card with. your handwriting. in every box on every truck is your. message that you care. we know how much goes into your holiday. mail. especially this year which is why we go. the distance to bring you closer. learn more at usps.com. closer what happens when a young singer. gets to cut a track with an. r b star yo or a young activist gets to. chop it up with their hero. oh snap you get mcdonald's black and. positively golden mentors the series. elevating the next generation of change. makers. each episode a must-see passing of the. torch between the culture leaders of. today. and the young leaders of tomorrow check,Not Food
Z100 iHeartRadio bumper.txt,workshops available everywhere with the. i heart radio app now. number one for podcasting c100. radio stations,Not Food
Home Depot commercial.txt,how to improve your dining room. by the home depot new wood floors new. paint on the walls. sure you know us for that but how about. a new dining room table. matching chairs bar stools how about. free and flexible delivery with easy. online returns. now you can explore decor in a whole new. way. save now on furniture everything for. your home everything. from homedepot.com how doers get more. done. us only valid through september 7th. limitations apply,Not Food
CarSheild commercial.txt,cars today are computers on wheels. that's it. uh the fancy new tech makes our life. easier in the car but. when something breaks can you afford to. fix the touchscreen display or the. sensor. which can cost thousands of dollars most. likely no that's why i have car shield. and it takes away the worry and the. panic of the expensive repair that you. know is coming. car shield their protection plans can. save you thousands for covered repairs. including. everything from an engine transmission. gps electronics and more you can have. your favorite mechanic or dealership do. the work and car shield takes care of. the rest they also offer complimentary. roadside assistance and a rental car. it's inevitable something's gonna break. it happens to everybody including me so. get. coverage from america's number one auto. protection company like i did and find. out why car shield cars. go farther rates are as low as 11. dollars a month so visit car shield dot. com use the promo code i heart to save. ten percent that's car shield dot com. promo code i heart deductible may apply,Not Food
I Heart Radio Saturday Matinee Moulin Rouge commercial.txt,the stages may be bare but the show goes. on with the i heart radio broadway. saturday matinee every week we play an. entire cast album and give you. behind-the-scenes stories from the. show's stars. this saturday moulin. this is rouge burstein from moulin rouge. the musical and you're listening to i. heart radio broadway the i heart radio. broadway. saturday matinee today at 2 at. iheartradio broadway.com. driven by mercedes-amg driving. performance,Not Food
#NAME?,join a community of online learning and. find your bright future at the american. women's college of bay path university. getting your college education doesn't. necessarily make it so you have. different self-worth or you mean more. there's so many different roads you can. take but if you have the feeling that. you want it go get it. the american women's college is. supportive and kind and what you've. created has changed lives and i'm so. grateful that i can say i've been part. of it. enrolling now for september and november. at baypath.edu. future the advanced surgeons at the,Not Food
Sun-Made Snacks Childhood Is Always In Session commercial.txt,goarmy.com. whether holding down the fort or. bouncing back to school. childhood is always in session so keep. feeding us right with sun-made snacks. just like when you were a kid. remember they're naturally sweet raisins. yup still delicious. and so are some mates other snacks like. creamy yogurt covered raisins. sour raisin snacks that taste like sour. candy with no added sugar. in some means new s'mores and birthday. cake bites all delicious. all made with whole fruit sun made. snacks,Not Food
I Heart Radio At Home Session with Jesse McCartney.txt,don't miss our i heart radio at-home. session with jesse mccartney presented. by hellman's an exclusive. and intimate performance at a time when. we're craving live music watch. tuesday at 8pm eastern 5 pacific on. iheartradio's youtube,Not Food
The Center for Innovative GYN Care commercial.txt,future the advanced surgeons at the. center for innovative gyn care look. beyond quick fixes like birth control to. help their patients find the best. treatment options for complex gyn. conditions. my name is sekina and i had the cigc. groundbreaking minimally invasive. hysterectomy. i got back to my life in a week with. only two small incisions and minimal. scarring. discover the cigc difference with. offices in midtown manhattan and. montclair new jersey. telemedicine appointments are also. available book a consultation at. innovativegyn.com or call 888 surgery,Not Food
Honda Summer Clearance Event commercial.txt,performance. summer seems even brighter when you've. been inside a while. it's time to drive again with honda. kbb.com 2020 best value brand you could. get a great deal on the 2020 passport or. 2020 pilot. with financing as low as 0.1 percent apr. on select models. visit the honda summer clearance event. today. [Music]. for well qualified buyer see dealer for. financing details based on 2020 brand. image shorts from kelly blue but visit. kbb.com for more information,Not Food
"Progressive Hi Jamie, It_s Me Jamie Song Idea commercial.txt",hi it's jamie progressives employee of. the month two months in a row. leave a message at the hi jamie it's me. jamie i just had a new idea for our song. about the name your price tool. so when it's like tell us what you want. to pay hey hey hey. and the trombone goes blah blah blah and. you say we'll help you find coverage. options to fit your budget. then we just all do finger snaps while. the choir goes steven's coming at you. steven's coming at ya. yes no maybe anyway see your practice. tonight i got new lyrics for the rap. break. progressive casualty insurance company. and affiliates price and coverage match. limited by state law,Not Food
Best Fends commercial.txt,participation may vary. when it comes to online meetings you're. crushing it but if you want to crush. something that's a little more fun. why not play best fiends the five-star. rated puzzle game. best fiends is loaded with challenging. puzzles that are so much fun. and you're never accidentally on mute so. take a stress break with the cutest. characters on the planet. and download best fiends for free from. the app store or google play. that's friends without the r best fiends. [Applause],Not Food
Target We_re Here For You commercial.txt,limitations apply. for the health and safety of our guests. and team members we're here for you. that means frequently deep cleaning our. stores and wiping down carts and baskets. after each use. reserving dedicated shopping hours for. our most vulnerable. guests providing masks and gloves to our. team members. and offering contactless shopping. options through the target app like. drive up and same day delivery. we are here for you now more than ever. and your health and safety is our. highest priority. learn more at target.com a bullseye view,Not Food
US Army commercial.txt,cross mountain ranges split cells. command the tools of tomorrow. we are a team of a million unique and. powerful individuals. join forces with us and you can take on. anything. what's your warrior find out at. goarmy.com,Not Food
Z100 bumper.txt,limited by state law. here we go. new york's number one hit music station. csx,Not Food
Hellmann_s Drizzle Sauces commercial.txt,iheartradio's youtube. missing that restaurant flavor at home. this summer hellman's is bringing. crave-worthy flavors to you serving up. new drizzle sauces that you can put on. pretty much anything with flavors like. cilantro lime. roasted garlic and creamy chili honey. you can drizzle dip. and dress to make home the best. restaurant around. [Music],Not Food
Taco Bell Taco And Burritos Cravings Pack Ryan Seacrest voice over commercial.txt,your true friends are the people in your. life that totally get your inside jokes. your unique style. most important what you wanna eat taco. bell knows that when you get together. with your real friends it doesn't matter. what you're doing but hey it might as. well be something that everybody can get. into. like the taco and burrito cravings pack. with four crunchy tacos and four beefy. five layer burritos so even if. you're all sitting around doing. absolutely nothing you know you'll still. have a good time it's taco bell's taco. and burrito cravings pack. get it for the friends they get it for a. limited time at participating taco bell. locations near you,Not Food
Hot Happy Mess Podcast commercial.txt,are you ready for best life minus the. burnout i'm zerry hall from nbc's access. hollywood and my new podcast hot happy. mess is all about the most. important vip you join us each monday as. we discuss relationships self-care. career and much more. our podcast is for mindful ambitious. diverse millennial women who are ready. for more happiness laughter peace and. purpose. now i heart radio is number one for. podcasts and it's easy to see why. listen to hot happy mess every week on. the iheartradio app or wherever you get. your podcasts,Not Food
Z100 Bumper.txt,artists. available everywhere with the i heart. radio app now number one for podcasting. and i heart radio stations,Not Food
iHeartRadio One on One with Selena Gomez.txt,your podcasts. iheartradio goes one on one with selena. gomez with the best advice she has for. her fans. don't change for anyone you know i think. that you constantly go through phases in. your life where you meet new people or. exciting people and. you want to be everything that they want. or need and it's just not worth it if. you're not really happy with who you are. and or if you're not wanting to be. someone that you're not it's just not. worth it. keep listening to i heart radio for more. selena gomez and all your favorite. artists,Not Food
My Computer Career Cyber Security commercial.txt,tax. here's good news even with high. unemployment there's still a need for. hundreds of thousands of cyber security. professionals in the u.s. right now and my computer career is. training people to help meet the demand. no i.t experience no problem take the. free career evaluation today. at mycomputercareer.edu your new life as. an i.t pro. in as little as four months grants. covering up to 53. of the cost are available to those who. qualify it's not rocket science. it's mycomputercareer.edu few things,Not Food
Z100 New Hits commercial.txt,bucks. [Music]. that hit different discover slaps. olivia rodrigo good for you. [Music]. billy eilish your power. [Music]. new york's number one hit music station,Not Food
Home Depot Memorial Day commercial.txt,mycomputercareer.edu. summer it's almost here but memorial day. savings are already. at the home depot in store online. store-wide. like five bags of garden fresh mulch for. just 10 bucks. save on everything from flower beds to a. fresh coat of paint from power tools to. ceiling fans. ready set summer memorial day savings. here now only at the home depot how. doers get more. done limit 75 bags per customer color. selection varies by store while supplies. last continental us only. introducing the lowe's list while. there's innovation in every aisle. these are some of our experts top picks. for 2021 customize any load with the. whirlpool two-in-one washer. control your home with a touch thanks to. samsung connected appliances. repel the rain with hgtv home by. sherwin-williams everlast. and keep the job going longer with the. exclusive new line of flex power tools. made for pros to see who made the full. lows list. visit lowes.com lowe's home to any. budget. home to any possibility all the good,Not Food
Office DepotÊ Office Max Here For Your Business commercial.txt,office depot officemax is here with. everything you need to keep business. going and work from anywhere. shop our wide assortment of furniture. chairs technology. printing cleaning products school. supplies and more although your local. store across from rotterdam square mall. has recently closed. we invite you to shop 24 7 at. officedepot.com. and enjoy free next business day. delivery on qualifying orders of 45. or more within our local delivery areas. get just what you need. just when you need it at office depot. office max,Not Food
iHeart Radio Goes One on One withÊ Selena Gomez Social Media.txt,i heart radio goes one-on-one with. selena gomez to ask what she thinks. about social media. obviously there's certain things where. i'm like oh that's pretty harsh like. that was kind of unnecessary but uh. at the same time i have to consider the. source you know. these are people who are probably. younger than me a lot of angst. boards you know people but i think in. general i'm more concerned with how much. people. are so devoted to getting so many likes. and they're affected by who follows them. and you know at the end of the day we're. not saving lives it's instagram people. keep listening to i heart radio for more. of selena gomez and all your favorite. [Music]. artists,Not Food
CVS Help Hub commercial.txt,at cvs health hub you can see a provider. fill a prescription. and grab what you need all in one trip. even on evenings and weekends. that's healthier made easier visit a cvs. health hub today. services vary by location see cvs.com. healthhub for details,Not Food
Girls5Eva commercial.txt,we are girls streaming only on peacock. a new comedy about a 10's throwback. girls 5 ever booked a gift. everybody sing from your diaphragm okay. which one girls five evan. all episodes streaming now only on. peacock,Not Food
My Computer Career ITÊ Cyber Security commercial.txt,news. even with high unemployment there's. still a need for hundreds of thousands. of cyber security professionals in the. us. right now and my computer career is. training people to help meet the demand. no i.t experience no problem take the. free career evaluation today. at my computer mycomputercareer.edu. start your new life as an it pro in as. little as. four months grants covering up to 53 of. the cost are available to those who. qualify. it's not rocket science it's. mycomputercareer.edu,Not Food
Ruffio Keeps You On Top of Pop-Culture.txt,stuff. yeah rufio keeps you on top of pop. culture. maroon 5 revealed the tracklist for. their upcoming seventh album. including collaborations with the late. rappers juice world and nipsey hustle. the album titled jordy pays tribute to. the band's late. long time manager jordan feldstein who. died in 2017.. juice world is featured in can't leave. you alone and nipsey is on the remix of. memories which will also feature. nipsey hustle's close friend yg. and that's what's poppin i'm rufio on i. heart radio,Not Food
Z100 Pays Your Bills Contest commercial.txt,[Music]. just enter this nationwide keyword at. c100.com. the word is joy the joy you feel when. you get free. money is great go to z100.com enter the. word joy to get yourself a thousand,Not Food
ZipRecruiter commercial.txt,peacock. finding great candidates to hire can be. like well. trying to find a needle in a haystack. sure you can post your job to some job. board but then. all you can do is hope the right person. comes along which is why you should try. ziprecruiter for free at. ziprecruiter.com. iheart ziprecruiter doesn't depend on. candidates finding you. it finds them for you its powerful. technology. identifies people with the right. experience and actively invites them to. apply to your job you get qualified. candidates. fast so while other companies might. deliver a lot of hay. zip recruiter finds you what you're. looking for the needle in the haystack. see why four out of five employers who. post a job and ziprecruiter get a. quality candidate within the first day. ziprecruiter the smartest way to hire. and now you can try ziprecruiter for. free that's right. free at ziprecruiter.com iheart. that's ziprecruiter.com iheart. ziprecruiter.com i heart here's good,Not Food
mcdonalds_ad__1986_,McDonald's hash brown,Food
sonic_drive_in__2_sonic_guys__full_throttle_slush,how you doing you ready for your first full throttle. Slush yeah I don't know man I'm to never have them before some kind of nervous energy drink,Food
sonic_drive_in_tropical_mango_tea_commercial,raspberry iced tea I mean of all the letters you can pick from yty not raspberry iced him or any of the other like 48 letters first of all that's way too many letters how many letters are in the alphabet,Food
wendy_s___2004___wild_mountain_bacon_cheeseburger_commercial,Wendy's founder Dave Thomas knew that you like to surprise now and then and that's why Wendy's brought it back are wild mountain bacon cheeseburger of course it's still prepared fresh of the beef is hot and juicy would you experience a nice kid from the hot and Smoky Southwestern peppersauce leaving out of colby jack cheese and bacon and we still do today so don't wait Wendy's it's better here,Food
kentucky_fried_chicken_commercial__1983_,we had a show I'll describe you got a right to chicken done right I make it tender,Food
mcdonald_s_ad__time_out___1987_,the starting lights are on the floor and here comes Michael Jordan,Food
burger_king___2003___kid_s_club_shake__em_fries___nintendo_promotion_commercial,Shake Em Up fries are back at Burger King and there's so many ways you can shake him up,Food
sonic_drive_in_2_sonic_guys__friends_like_egg_n_bacon,ingredients in a bacon egg and cheese burrito whole go really well together,Food
kentucky_fried_chicken___kfc___2002___real_meal_deal_commercial_with_jason_alexander,pardon the intrusion but I have this one question,Food
sonic_drive_in__2_sonic_guys__ciabatta_or_pumpernickel,I just sausage breakfast sandwich,Food
1996_domino_s_pizza___roma_herb_crust_commercial,there's something deliciously new when dominoes are New Roma Earth crust pizza,Food
johnny_rockets___burger_battle,welcome back to the Burger battle final will it be Chef Pierre crayfish banana quilt,Food
krystal_commercial,we found these in your desk do you have anything to say for yourself anyone else,Food
mcdonalds_ad__1990_,come on This Is Us grab everything,Food
mcdonald_s,get your Savory crunchy crispy french fries faves everyday now when you buy one of your select McDonald's favorite to get another for just a dollar like a McDouble McChicken four piece chicken McNuggets,Food
subway,add Subway restaurant we realize with today's economy you're done with doesn't stretches far so we're giving you a break with our sizzling summer of savings enjoy your favorite regular Footlong sandwiches for just $5,Food
mcdonald_s_ad__1985_,the biscuits from McDonald's cover for me of course silly,Food
Caribbean Food Delights Jamaican Beef Patty commercial.txt,vary exclusively limited time. the taste of the caribbean is never far. away with caribbean food delights. jamaican beef patties. available at bj's walmart costco sam's. club and selected supermarkets. ask for the best visit. caribbeanfooddelights.com. oh yeah,Food
Dunkin Medium Hot Coffee for $1.txt,for details what's one great way to get. back running. one medium hot coffee for one dollar now. when you buy a breakfast sandwich at. dunkin we'll throw in a medium hot. coffee for a dollar more. bite into a bacon egg and cheese. croissant and get a coffee for a single. munching egg and cheese on an english. muffin and your cup of joe is a buck. go beyond meat with a beyond sausage. sandwich and for 100 pennies more. add a coffee to go with it buy your. favorite sandwich and get a medium hot. coffee for a dollar. america runs on dunkin participation may. vary exclusively limited time,Food
McDonald_s The We_re Going Family Style Deal commercial.txt,the we're going family style deal. because i want a bite of your big mac. and i need some of your quote upon i'll. try your filet of fish there's a deal. for every friend group at mcdonald's buy. one classic and get another for just a. buck price and participation may vary. cannot be combined with any other offer,Food
Stop _ Shop Healthy Eating commercial.txt,presbyterian. [Music]. the thing about eating healthy is that. everyone's version is a little different. at stop and shop you'll find all the. fresh variety and staples you need to. follow your healthy no matter how you go. about it whether you're a slice and. dicer. you like to mix it up. or prefer making a plan monday salmon. bok choy chickpeas tuesday let's say. tacos we're your one stop shop for. everything on your list for every. healthy for every moment stop and shop. feed the moment,Food
Celsius Energy Drinks commercial.txt,grab an ice cold can of celsius and stay. active and energized all day. celsius is better for you energy made. with premium ingredients zero sugar and. seven essential vitamins with no high. fructose corn syrup no aspartame no. preservatives and no artificial colors. or flavors. celsius is just the essential energy you. need to keep you fueled and active all. day celsius essential energy. live fit. now find celsius at celsius.com or a. retailer near you,Food
Food Town commercial.txt,looking to spend more time celebrating. with family and friends check out. foodtown's fresh meats and prepared. foods to help you plan any size. gathering and foodtown offers seasonal. signature produce items take to the peak. of freshness futon helps you celebrate. with only the freshest and highest. quality products foodtown make the most. of your,Food
Poland Spring Recycled Plastic Bottles commercial.txt,hey it's garrett the poland spring brand. wants to provide more than 100 natural. spring water and they want to make a. difference that's why they're rescuing. millions of pounds of plastic and. transforming them into new bottles that. are 100 recycled you can join them by. pledging to recycle your bottle and for. each pledge poland spring will donate. safe clean drinking water to local. communities in need go to. polandspring.com forward slash pledge to. find out more. is only 20 on 700 milliliters and 1.5. liter size bottles,Food
Dunkin_ Pumpkin Spice Flavors commercial.txt,teaming up with turtle wax this summer. to make sure your rods are clean shiny. protected and even disinfected because. whether you're hitting the streets or. heading out on the highway to the beach. turtle wax will make sure your vehicle. is looking smelling and feeling amazing. turtle wax is the only brand that i. trust with my fleet of supercars and. y'all know how many cars i keep in my. garage right check out turtlewax.com to. learn more and be sure to buy now at. turtlewax.com or anywhere you shop for. car care. jenkinson's boardwalk. come experience the sand. exciting games. fun rides. and all the adventure. the memories you'll make here at. jenkinson's boardwalk will last a. lifetime. from day to night relax indulge and let. go. jenkinson's boardwalk generating smiles. for generations. duncan is putting a whole new spin on. pumpkin at dunkin with our new pumpkin. cream cold brew smooth bold cold brew. topped with velvety pumpkin cream cold. foam made with cinnamon and nutmeg. spices and there's more pumpkin for you. to love like the delicious fall classic. our pumpkin spice signature latte rich. espresso topped with cream caramel. drizzle and cinnamon sugar that's how we. pumpkin at dunkin siff into the fall. season with the new pumpkin cream cold. brew or pumpkin spice signature latte. america runs on dunkin price and. participation may vary limited time. offer exclusions apply. hey it's carolina inviting you to try,Food
Pressed Juicery commercial.txt,hey it's carolina inviting you to try. the greens challenge with pressed press. gave me a delicious and nutritious green. juice to kick-start each morning for,Food
Dunkin_ Dunkin_ Latte Lounge commercial.txt,take a latte break and head to dunkin. latte lounge.com check out performances. from rising artists behind the scenes. content upcoming events interviews. podcasts and more you guys are amazing. thank you everyone enter for your chance. to win medium dunkin lattes for a year. try the all new festival green shamrock. macchiato from duncan bold espresso. layer to top notes of sweet cream. vanilla and the flavor of irish whiskey. for the perfect kick of irish green. flavor pair it with her new chocolate. croissant america runs on duncan price. and participation a very limited time. offer,Food
Extra Gum Skeery Jones Z100 sponsor commercial.txt,hey it's curry jones it's been a long. winter i think we're ready to cut loose. but rushing into things can lead to some. awkward decisions here's a tip for you. grab some extra gum and chew it before. you do it whether you're hitting the. road or breaking a sweat or sneaking a. kiss it's the crisp refreshing way to. refocus when a little moment of pause is. all you need to avoid doing something. you'll regret grab some extra gum at. your local target and chew it before you. do it,Food
Balance US Less Sugar commercial.txt,plus community. the coca-cola company keurig dr pepper. and pepsico are bringing consumers more. choices with less sugar than ever before. from sparkling flavored and bottled. waters to zero sugar sports drinks teas. and sodas. consumers are taking advantage of these. choices in fact. nearly 60 percent of beverages sold. contain zero sugar to learn more visit. balanceus.org,Food
Wendy_s Late Night Fries commercial.txt,makes a good night bad or bad night. worse than hitting up a drive-through. and getting served cold tired fries. golden more like soggy arches. tonight naked wendy's where fries are. hot and crispy not cold and soggy. they're also preferred over mcdonald's. almost two to one. in the night on a good friday choose. wisely choose wendy's late night taste. test preference based on the national. taste test by the end of the research. company. [Music],Food
Dunkin_ Sunrise Batch Coffee commercial.txt,start submarine with duncan's new. sunrise batch coffee. td perks members enjoy a medium sunrise. batch hot or iced coffee for two dollars. not a member join today america runs on. dunkin. price and participation may vary limited. time offer exclusions apply,Food
Wendy_s Your New Favorite Breakfast commercial.txt,wendy's only makes one kind of breakfast. your new favorite one how do we do it. with fresh cracked eggs oven baked bacon. and flaky croissants. you know the things your old breakfast. wasn't doing so toss that old noose and. its soggy eggs. somewhere useful and gets a wendy's with. a sausage egg and swiss croissant. bacon egg and swiss croissant and honey. butter chicken biscuit. are just two for four dollars choose. wisely choose wendy's two for four. limited time only single item at regular. price price and participation may vary. at us wendy's,Food
Macy_s One Day Sale commercial.txt,at us wendy's. it's macy's one day sale with great. deals of the day to keep your summer. look going strong. like 40 to 60 off new outfits you'll. want to wear on repeat. and 30 to 60 off the perfect shoes and. sandals to match. then add fine jewelry for the finishing. touch now 70. off plus star rewards members earn. rewards faster during star money bonus. days. going on now at macy's savings off sale. and clearance prices exclusions apply,Food
Entenmann_s Little Bites I Love Lil_ Bites commercial.txt,whenever i bring home entenmann's little. bites muffins little bites. that's right sweetie can you just give. mommy a minute i love little bites. i know you do but we're doing a. commercial right now okay. got it as i was saying whenever i bring. home you know what. you know who gets pretty excited and so. do i little bites muffins are made with. real ingredients. no high fructose corn syrup and are. baked moist and delicious. i love little bites there you go yes. entamon's little bites muffins the. perfect portion. of happiness in the 80s vcrs and,Food
Lil_ Critters Gummies Sweepstakes commercial.txt,back to school season means the return. to routine and this year to get ready. little critters gummy vitamins wants you. to share your big little wins for. getting back to routine. our big little win was everyone waking. up in a good mood for a chance to win. follow on with mario and little critters. on instagram and share using hashtags. big little wins and sweepstakes entry. just visit onwardmorris.com lil wins for. info. and rules no purchase necessary open. illegal usdc residents age of majority. ends. august 8th 2021 voidware prohibited,Food
C-Town Summer Gatherings commercial.txt,a commitment to lend. hey it's dj pro style summer is here and. c-town supermarkets have you covered. for everything you need to make all your. gatherings meals and celebrations. sizzling visit seedtownsupermarkets.com. to find the store. nearest you too busy at the barbecue. online ordering is available at select. locations so be sure to look for the one. near you. summer is here and c-town is bringing. the savings your town. your store your sea town official. grocery store of the angie martinez. summer barbecue,Food
Poland Spring 100_ Recycled Bottles commercial.txt,hey it's garrett the poland spring brand. wants to provide more than 100 natural. spring water and they want to make a. difference. that's why they're rescuing millions of. pounds of plastic and transforming them. into new bottles that are 100 recycled. you can join them by pledging to recycle. your bottle and for each pledge poland. spring will donate safe clean drinking. water to local communities in need. go to polandspring.com forward slash. pledge to find out more 1.5 liter size. bottles,Food
Air Heads Truth or Dare commercial.txt,monday's international group you want to. play truth or dare. okay i'll go first truth airheads are. not only delicious and. fun to eat they help you bring more play. into your everyday. and i dare you to try them grab some. airheads today. and play more play delicious i'm a,Food
Magnum Ice Cream Double Sea Salt Caramel commercial.txt,are affiliate. how do you crack into a tub of magnum. ice cream double sea salt caramel. with pleasure crack the rich outer shell. to find caramel sauce and pieces of milk. chocolate swirled in vanilla ice cream. tap to buy now. [Music],Food
Mc Donald_s The J Balvin Meal commercial.txt,classo. hola and i'm dropping my mcdonald's. order hey big mac. no pickles for me please meet them fries. and an oreo mcflurry get the jay pal. being with the mcdonald's. and the oreo mcflurry is on me for. limited time at participating with. donald's found yesterday. for details oreo is a trademark for. monday's international group you want to,Food
Wendy_s Breakfast Baconator commercial.txt,wendy's we make breakfast better like. with our breakfast baconator better from. top to bottom bun. savory sausage patty better crispy oven. baked bacon better fresh cracked egg. that's her the breakfast baconator might. just be the greatest breakfast sandwich. of all time so you can keep settling for. not better or you can get a better. breakfast from wendy's tough choice. choose wisely choose wendy's better. breakfast participating us wendy's. during breakfast hours. you,Food
McDonald_s Road Trip commercial.txt,if you went on a road trip and you. didn't stop for a big mac or drop a. crispy fry between the car seats or use. your mcdonald's bag as a placemat then. that wasn't a road trip it was just a. really long drive. [Music]. at participating mcdonald's,Food
Dunkin_ Cake Batter Signature Late commercial.txt,they say shoot for the moon because if. you fall you'll land amongst the stars. but sometimes. you just land on the moon. with bold espresso cake batter flavor. mocha drizzle and sprinkles too. we're pushing the boundaries of. deliciousness like never before. introducing the dunkin cake batter. signature latte. mission accomplished everyone america. runs on duncan,Food
White Castle 1921 Slider commercial.txt,white castle presents ceo lisa ingram my. great grandfather opened white castle in. 1121. which is why i'm excited to announce the. new 1121 slider inspired by how we made. them a hundred years ago with a 100 beef. patty topped with cheddar cheese. caramelized onions tomato lettuce and. pickles come see why originality never. goes out of style i'm lisa but you can. call me the slider queen white castle. long live sliders pasteurized processed. cheese at participating castles at,Food
Taco Bell Enrique Avalos $5 Toasted Cheddar Chalupa Box commercial.txt,enrique santos for taco bell the toasted. cheddar chalupa from taco bell is back. and i know what you're thinking. because i'm thinking the same thing did. they really toast. six month old aged cheddar right onto a. delicious flaky chalupa shell again. yes they did but now it's even tastier. it comes with a crunchy taco. cinnamon twist and a medium drink all in. a five dollar box. that's right all that for just a little. cheddar but don't forget. it's back for a limited time the five. dollar toasted cheddar chalupa box. only at taco bell you don't want to miss. this,Food
Taco Bell $5 Toasted Cheddar Chalupa Box commercial.txt,nineteen. no way taco bell's toasted cheddar. chalupa is back. are you thinking what i'm thinking. and now comes in a box with a crunchy. taco cinnamon twist and a medium drink. whoa oh sorry this is this is my stuff. cool we're all thinking it the five. dollar toasted cheddar chalupa box is. back. only at taco bell at limited. participating use locations for limited. time only contact local store for prices. hours and participation which fairy tax. excludes freezes,Food
Knorr Rice and Pasta Sides commercial.txt,nothing to cook for dinner whatever you. have at home nor rice and pesticides can. turn nutritious veggies into. mouth-watering meals. make veggies taste amazing with noir go. to nord.com that's knorr.com for recipe. ideas to make that delicious dish,Food
McDonald_s Black and Positively Golden Mentors on Instagram commercial.txt,and the young leaders of tomorrow check. out black and positively golden mentors. on instagram. at we are golden look out world we got. it from here. nowadays it's more important than ever. to know the value of a dollar. or three or four or five or even six new. dunkin go-to's now with brews. tasty breakfast combos that give you. more bang for your bucks get a wake-up. wrap with sausage and a medium hot. coffee. for three dollars a bagel with cream. cheese spread and a medium hot coffee. for four dollars a bacon egg and cheese. croissant with a medium hot coffee for. five dollars or a power breakfast. sandwich and you guessed it a medium hot. coffee for six dollars. dunkin go-to's now with bruce america. runs on duncan participation may vary. exclusions apply limited time offer,Food
McDonald_s The I_m Crazy Hungry So She_s Gotta Be Too commercial.txt,the i'm crazy hungry so she's got to be. too slide through the mickey d's. drive-through to get a big mac right. after i order her quarter pounder with. cheese. cause i don't know everything but i do. know what my girl's feeling hangry meal. get it at mcdonald's when you buy one of. your faves like the big mac. quarter pounded with cheese 10-piece. chicken mcnuggets or filet-o-fish. and get another for just a dollar. prices and participation may vary valid. on an item of equal or lesser value,Food
Nyack College commercial.txt,snacks. have faith in your future know that. you're destined for. more than a paycheck you were born to. live your purpose. join a community of believers seeking. higher education at nyack college. applier transfer to a degree in business. nursing. social work ministry music and more. ninety-five percent of students receive. financial aid. so apply now at niacc.edu. nyack college have faith in your future,Food
Dunkin_ Dunkin_ Refreshers commercial.txt,new dunkin refreshers fiber fruit. flavors like strawberry dragon fruit and. peach passion fruit b vitamins and. energy from green tea. all under 200 calories order ahead via. the dunkin effort contactless way to. order pay and pick up in the drive-thru. america runs on duncan price and. participation may very limited time. offer,Food
Wendy_s 4 For 4 commercial.txt,wendy's famous four for four is heating. up with a new spicy crispy chicken. sandwich. the queen of spice is delivering that. spicy chicken you love with lettuce and. mayo between two deliciously soft buns. and yes in classic four for four fashion. you can get all that spicy goodness with. spicy or crispy nuggets. fries and a drink to cool off all for. just four bucks. is it getting hot in here or did wendy's. just deliver the hottest deal in fast. food. we got you offer includes four piece. nuggets junior frying value during price. participation may vary,Food
Little Caesar_s Thin Crust Pizza commercial.txt,little caesar's thin crust pizza is so. loaded with cheese and pepperoni you. can't even see the crust. and if you ever want to see it again. listen very carefully. bring 641 in unmarked bills or marked. bills or coins or just a credit or debit. card to little caesars come alone. and bring your friends or family bring. everyone get a little caesar's large. thin crust pizza with extra cheese and. the most pepperoni all at the nation's. best price of just 6.41 pizza pizza top. four national pizza chains extra most. bestest thin crust pepperoni pizza. versus large around one topping thin. crust pepperoni pizza everyday standard. menu prices advertising locations plus,Food
Z100 Get Your Bills Paid Contest commercial.txt,this. ring brunch is back i'll have the. avocado toast. with pine nuts and there's gonna be. bills to. pay why are you talking like that uh. because we're inside of the z100 promo. no you aren't well then what's this. microphone i'm talking into for. that's a bellini that would explain the. bubbles. [Music]. z100.com and now you're getting your. bills. keep listening for the next keyword to. enter online and win a grab i. love 100 brought to you by grubhub. download the grubhub app to discover. delivery deals free food and rewards. from local restaurants and national. favorites. that's right all the deals you've ever. wanted are just a tap away with perks. from grubhub,Food
Coca-Cola Sip Size Bottles Made Out Of Recycled Materials commercial.txt,bring as much joy as the delicious. taste of coca-cola like your first time. camping or falling in love on a flying. date. and now our new coke bottles are sip. sized and made from 100. recycled materials so every bottle can. live on to create more memories. that's endlessly refreshing coca-cola. bottles are made from 100 recycled. materials excluding cap and label. enjoy the great taste of coca-cola in a. new sip sized bottle that's made of 100. recycled materials,Food
Taco Bell $5 Grande Nachos commercial.txt,with double the season beef and a large. drink all for five dollars taco bell's. grande nachos truly deserves a grande. intro. perhaps with a grande beat box. says crunchy cheesy beat actually that. sounded better in my head. go get the five dollar grande nachos. before they make every even exit um. nope only a taco bell at limited. participating locations for a limited. time only price and participation may. vary tax extra drinks excludes freezes. double the season beef as compared to. the natural spell branding,Food
taco_bell,if you haven't tried Taco Bell's breakfast Crunchwrap filled with crispy bacon scrambled eggs and entire hashbrown then consider this your wake-up call wake up to the Breakfast Crunchwrap at Taco Bell Order ahead and have it waiting,Food
sonic_drive_ins___amazing_low_carb,I know if you know this dude but then they took some the carbs out of this month so you never know.,Food
checkers__little_place_big_taste_,don't the double melt are here now with American or new pepperjack check is posted double melt to juici patties grilled onion your choice of cheese the ultimate melt only,Food
dairy_queen_commercial_waterskiing,Dairy Queen. But good enough to stop at treats we also make amazing food give you a bacon cheeseburger for lunch we give you a shake 24 just 399 we don't just have a fluffy Cloud water ski,Food
wendy_s,hi we have a brand-new breakfast and we're breaking new ground we are opening new world,Food
panda_express_golden_treasure_shrimp__commercial____enchanted_island_,is pirating is making me hungry I hear you if you'll be my mother,Food
wendy_s___2009___new_chicken_temptations_flavors_commercial,the chicken is tender juicy and lightly breaded the sauce is a mouth-watering blend of sweet and spicy every bite delivers a kick of Asian Chiles real red pepper flakes and a hint of garlic,Food
_mouth_watering_montage____texas_dairy_queen,ever notice when a hankering for something hot fresh and delicious they end up at DQ it's because only d q has the best-tasting burgers,Food
carl_s_jr____little_wings,wings so many bones so little meat to fill up they got to eat at least 50 of them good thing chickens have big breasts the buffalo chicken sandwich new at Carl's jr.,Food
pizza_hut,only Pizza Hut new menu gives you your cheese pizza covered in cheese 99 get it now at pizzahut.com,Food
dairy_queen,this one's for the carnivores above the new Dairy Queen just 199 for a limited time,Food
dj_kmo_wienerschnitzel_commercial,"get down weiner dude do the Wienerschnitzel chili, and get a chili dog and chili cheese fries for 9",Food
domino_s_pizza_commercial_with_the_noid,annoyed he loves to make you a hot pizza ice cold,Food
i_want_99_tacos_for_2_cents_,yeah kayak 99 tacos for $0.02 it's two tacos for 99 cents,Food
arby_s___2009____5_01_combo_commercial,Arby's $5.01 roast beef patty melt combo,Food
carl_s_jr_,if you've never read me breakfast at Carl's Junior wake up to this steak and eggs hot cakes and bacon mouth-watering armlets are Sunrise sandwich all serve right to your table so if you thought Carl Junior served on a great-tasting hamburgers,Food
papa_johns_commercial,garlic parmesan breadsticks are free,Food
stu_ihop_commercial,"The Star Bar Mandy was back in the spotlight, don't forget the holiday list gift card",Food
plastic_surgeon__dr__90210____carl_s_jr_,doctor Ray's office please hold thanks for coming I was reading your file here and it says that you're interested in breast augmentation let me have you this road right here wow,Food
jack_in_the_box_commercial__1995_,Philadelphia birthplace of the Constitution and a cheese stick,Food
jack_in_the_box_slammer__commercial__1997_,I wouldn't do that if I were you I'll pick you out of a lineup and send you to the slammer know what jail is like,Food
little_caesars____5_hot_n_ready_,Little Caesars always gives you a great-tasting pizza for Less the pizza that's fractured of the oven whenever you walk in is just five bucks for a large pepperoni pizza,Food
jack_in_the_box,what's Triple the beef triple the cheese and triple the bacon I call this burger the perfect Triple Threat but you can call it the triple bacon cheesy Jack my 699 triple making cheesy jack-in-the-box,Food
sonic_drive_in,I am loving this mocha chip Java Chiller in2 and you know it's kind of a relief to me it's like every time I would be as how do you want your coffee I was like all you don't just standard with a little bit of sauce serve in it and you know some Hershey's special dark chocolate pieces chocolate drizzle on top,Food
quiznos,how do you know it's a Quiznos Sub quality ingredients like cilantro jalapeno slaw,Food
pizza_boli_s,Pizza Boli's Pizza in Folsom,Food
mcdonald_s_ad__first_glasses___1986_,looking at things from a new point of view and it's feeling strange to you but McDonald's,Food
subway___2002___new_honey_oat_bread_commercial,Subway has a new bread made with Daphne guys honey and his oats,Food
mcdonald_s_commercal_1988_our_new_song,what a great day for singing our new song Good Time good time great taste,Food
sonic_commercial,poster guard lose anything,Food
burger_king___2009___holiday_gift_card_commercial,this year got those second third and fourth grade friends are first-rate gift card from b.k. Dollar holidays.com the dollar inside double cheeseburger the card let them know you almost care bk.com,Food
2003_jack_in_the_box_commercial,eating soup with Jack room-service leftovers timing is everything more meat than you think hello man when that doesn't work,Food
adam_bobrow_s_jack_in_the_box_commercial,why would I want a donut Donuts are a scam when you get to the Middle with a donut fillet should be you get a whole I don't want a whole for breakfast I want something warm and delicious breakfast,Food
mcdonalds__break_it_to_me_gently__ad__1984_,ease into morning with McDonald's,Food
papa_johns_commercial__go_big_papa__,we got pizza from Papa John's,Food
mcdonald_s___breakfast_sandwich_commercial_2___2009,I was seriously craving this morning with some crazy Hunger Pains,Food
burger_king,at Burger King $5 is all you need to get a plain grilled bacon cheeseburger or any of these other items for justice but the $1 at your way big your way way better,Food
my_dairy_queen_commercial,enjoy your monster cookie blizzard,Food
carls_jr_commercial_mov,Jim didn't get his 32 valve twin turbo sports car so we could eat washes for lunch,Food
dairy_queen_father_s_day_commercial__1995_,what makes a Dairy Queen Frozen Father's Day cake so special because it begins with something dad's love delicious Dairy Queen chocolate and vanilla soft-serve then there's a layer of chocolate fudge and chocolate Crunch put the icing on the cake as you can get it decorated or your way Dairy Queen Fathers Day cakes very special cakes or very special dad's we treat you right Dairy Queen,Food
jack_in_the_box_commercial__need_more,I want you to take this the wrong way I just I just I need more from you,Food
wendy_s_breakfast_commercial_2011_artisan_egg_sandwich,hi words that go well with our new breakfast sandwich has grilled sausage eggs and asiago cheese,Food
denny_s,pancakes and eggs bacon and sausage coffee and OJ and a killer price that's a win win win win win win,Food
sonic_drive_in_our_way,we're looking forward to having it our way around there not like Square pieces of toast,Food
sonic_drive_in_super_sonic_snacking_commercial,you could be jalapeno strip some out there like are crispy jalapenos dress now for a limited time it's not just good it's Sonic good,Food
mcdonalds_ad__1994_,there just isn't enough time in the day time to fight the traffic to get to a job I can possibly get done from 9 to 5 time to run to the bank stop the post office rush home cook and clean well tonight McDonald's is making my family dinner,Food
jack_in_the_box_commercial__heroes,why do I serve breakfast all day for firefighters working round-the-clock the ER doctors and nurses the hard-working guys in the graveyard shift the 24-hour emergency ikigai and of course I do it for the college students will never made it to a 9 a.m. class in their lives you are the reason I serve a warm delicious breakfast whenever you want,Food
1980_kentucky_fried_chicken_colonel_sanders_commercial,there really is a Kentucky Fried Chicken School,Food
wendy_s__hard_to_top_15,dick strips of Chris dick applewood-smoked bacon of new on Wendy's Baconator fall hard for 1 today,Food